queues,payload,ops,ops_per_sec,elapsed_ns,p50_ns,p99_ns,p999_ns,p9999_ns,rss_bytes,cpu_ns,context_switches,wakeups,ok
1,64,50,4464286,11200,100,200,200,200,6729728,0,0,0,1
1,256,50,4716981,10600,100,200,200,200,6795264,0,0,0,1
1,1024,50,4464286,11200,100,300,300,300,6795264,0,0,0,1
10,64,500,7836991,63800,100,500,700,700,16285696,0,0,0,1
10,256,500,5681818,88000,100,300,400,400,16285696,0,0,0,1
10,1024,500,4520796,110600,200,500,600,600,16285696,0,0,0,1
100,64,5000,7377896,677700,100,400,700,3700,111312896,0,0,0,1
100,256,5000,6263310,798300,100,400,800,3700,111316992,0,0,0,1
100,1024,5000,5201831,961200,100,600,1100,4600,111460352,0,0,0,1
